Channel,R2,Linearity_percent,GoodLinearity
1,0.7412408030491366,25.64928858991175,True
2,0.6864417355433622,31.255107540274587,True
77,0.6750305043913782,35.97912994498681,True
78,0.7508099612932654,34.03034332167791,True
