Channel,R2,Linearity_percent,GoodLinearity
1,0.8661705004389816,20.40302267002519,True
39,0.8565951738294195,20.832364566379923,True
77,0.9730199077067079,8.20372398685652,True
