Channel,R2,Linearity_percent,GoodLinearity
1,0.9987875506236924,1.956295525494272,True
2,0.9984892899895556,1.9576992519989838,True
77,0.997136418344807,2.669525596354874,True
78,0.9983517806724839,2.0442571127502687,True
