Channel,R2,Linearity_percent,GoodLinearity
1,0.9967338497369063,3.5292849443047003,True
2,0.9972844201173424,3.13105413105415,True
77,0.9984276171726619,2.3966362999299182,True
78,0.997159217401182,3.2285084496693814,True
