Channel,Amplitude,mean,std
1,100,234.25,2.0615528128088303
1,200,457.2,3.1144823004794935
1,300,730.6,7.300684899377594
1,400,930.0,0.0
2,100,238.0,0.816496580927726
2,200,460.8,2.049390153191922
2,300,734.2,5.019960159204464
2,400,940.0,0.0
77,100,230.5,0.5773502691896257
77,200,441.8,2.5884358211089573
77,300,698.8,6.534523701081802
77,400,944.0,0.0
78,100,285.5,1.7320508075688827
78,200,502.0,2.345207879911715
78,300,767.6,4.335896677735772
78,400,966.0,0.0
